1,950324,gold,"OWNER",981016
2,930226,classic,"OWNER",980313
2,930226,gold,"DISPONENT",950903
3,970707,classic,"OWNER",981126
3,970707,junior,"DISPONENT",950424
5,970530,classic,"OWNER",980611
6,940927,junior,"OWNER",980520
7,961124,classic,"OWNER",971025
8,950921,classic,"OWNER",961207
8,950921,gold,"DISPONENT",971025
9,930127,junior,"OWNER",960911
10,960828,classic,"OWNER",940629
11,951010,classic,"OWNER",960217
12,970415,classic,"OWNER",950305
12,970415,classic,"DISPONENT",980623
13,970817,classic,"OWNER",980607
13,970817,classic,"DISPONENT",950825
14,961127,classic,"OWNER",970909
15,931002,classic,"OWNER",981202
16,970923,classic,"OWNER",980226
17,970108,classic,"OWNER",970111
17,970108,classic,"DISPONENT",981003
18,930526,junior,"OWNER",960805
19,950407,classic,"OWNER",971206
20,960824,classic,"OWNER",980914
21,971206,junior,"OWNER",981115
22,940323,junior,"OWNER",980122
23,930522,classic,"OWNER",980820
24,961205,classic,"OWNER",971001
25,960728,classic,"OWNER",981021
26,930808,classic,"OWNER",980806
27,930926,junior,"OWNER",971203
29,941124,classic,"OWNER",980928
29,941124,classic,"DISPONENT",960420
30,950304,classic,"OWNER",960831
31,940427,classic,"OWNER",980714
32,950828,classic,"OWNER",961013
33,930826,classic,"OWNER",970831
34,930917,junior,"OWNER",980728
35,930707,classic,"OWNER",970829
36,930701,junior,"OWNER",960517
37,970818,classic,"OWNER",971205
38,970808,classic,"OWNER",981110
39,930922,classic,"OWNER",980813
40,931025,classic,"OWNER",980310
41,970802,classic,"OWNER",971003
42,960816,classic,"OWNER",970528
43,940612,classic,"OWNER",971121
44,930510,gold,"OWNER",980410
45,970902,classic,"OWNER",981013
47,930808,classic,"OWNER",980125
48,961117,classic,"OWNER",981122
48,961117,classic,"DISPONENT",961109
49,970406,classic,"OWNER",980311
50,940506,classic,"OWNER",971027
51,960511,classic,"OWNER",981018
52,970129,classic,"OWNER",981018
54,950502,junior,"OWNER",980327
55,960219,classic,"OWNER",980510
56,940516,classic,"OWNER",980202
57,950521,classic,"OWNER",980708
58,960823,junior,"OWNER",980128
59,940327,classic,"OWNER",980131
61,931211,classic,"OWNER",940208
61,931211,classic,"DISPONENT",980411
62,930328,classic,"OWNER",980309
63,961116,junior,"OWNER",980721
63,961116,classic,"DISPONENT",981018
64,970311,classic,"OWNER",970729
65,961029,classic,"OWNER",981223
66,931203,classic,"OWNER",980813
67,941019,classic,"OWNER",980804
68,941220,classic,"OWNER",980902
69,960112,classic,"OWNER",980625
70,950218,classic,"OWNER",971217
70,950218,classic,"DISPONENT",970507
71,940305,classic,"OWNER",980105
71,940305,classic,"DISPONENT",960626
72,960620,classic,"OWNER",951231
72,960620,classic,"DISPONENT",971128
73,931108,classic,"OWNER",961102
75,950813,classic,"OWNER",980422
76,960516,classic,"OWNER",970604
77,961119,junior,"OWNER",970901
78,930707,classic,"OWNER",951120
79,961129,classic,"OWNER",971109
80,950927,classic,"OWNER",971106
80,950927,junior,"DISPONENT",980801
81,960718,classic,"OWNER",980826
82,940503,junior,"OWNER",950919
83,930416,classic,"OWNER",950906
83,930416,gold,"DISPONENT",961009
84,951225,gold,"OWNER",980221
85,970323,classic,"OWNER",980619
86,930307,classic,"OWNER",981112
86,930307,junior,"DISPONENT",960817
88,960703,classic,"OWNER",970117
89,970925,classic,"OWNER",960114
90,940713,classic,"OWNER",950627
91,961106,classic,"OWNER",970625
93,960612,classic,"OWNER",970531
95,950330,junior,"OWNER",970119
95,950330,junior,"DISPONENT",951116
96,930218,classic,"DISPONENT",970730
97,960505,classic,"OWNER",981011
97,960505,junior,"DISPONENT",961123
98,970502,classic,"OWNER",951022
98,970502,classic,"DISPONENT",960808
99,950627,classic,"OWNER",970703
100,931228,junior,"OWNER",960722
101,960416,junior,"OWNER",970703
102,931016,classic,"OWNER",980612
103,960310,classic,"OWNER",971010
104,930415,gold,"OWNER",981226
104,930415,classic,"DISPONENT",980523
105,970710,classic,"OWNER",960523
106,941127,classic,"OWNER",980819
107,931105,classic,"OWNER",981105
108,950310,classic,"OWNER",971229
109,970420,classic,"OWNER",981208
110,960717,junior,"OWNER",980226
112,930312,classic,"OWNER",980907
113,960722,classic,"OWNER",950728
114,970314,junior,"OWNER",970110
115,930319,classic,"OWNER",981102
116,960321,classic,"OWNER",970714
116,960321,classic,"DISPONENT",970822
117,930905,classic,"OWNER",980915
118,970918,classic,"OWNER",980701
119,930525,classic,"OWNER",980615
121,971011,classic,"OWNER",970617
122,961030,classic,"OWNER",980723
123,930313,junior,"OWNER",981213
123,930313,classic,"DISPONENT",981122
124,971228,classic,"OWNER",980107
125,960907,classic,"OWNER",960330
126,931023,classic,"OWNER",980916
127,940202,classic,"OWNER",960916
128,930219,gold,"OWNER",971019
129,971001,classic,"OWNER",971228
129,971001,junior,"DISPONENT",970517
130,970212,junior,"OWNER",980407
131,950613,classic,"OWNER",960424
132,960511,gold,"OWNER",981025
132,960511,classic,"DISPONENT",950501
133,971011,classic,"OWNER",980617
134,971210,classic,"OWNER",980525
135,930615,junior,"OWNER",961223
136,960514,classic,"OWNER",960918
137,960719,classic,"OWNER",981129
138,950919,junior,"OWNER",980204
138,950919,classic,"DISPONENT",950305
139,970515,classic,"OWNER",950915
140,960625,classic,"OWNER",950124
141,960306,classic,"OWNER",980810
141,960306,classic,"DISPONENT",980416
142,930215,classic,"OWNER",970305
142,930215,classic,"DISPONENT",981214
143,961127,classic,"OWNER",980621
144,970403,junior,"OWNER",941204
145,960103,classic,"OWNER",970103
146,930902,classic,"OWNER",980425
148,930621,classic,"OWNER",981121
149,971116,classic,"OWNER",980810
150,950316,classic,"OWNER",980929
151,930906,classic,"OWNER",940819
151,930906,gold,"DISPONENT",970831
152,960412,classic,"OWNER",960508
152,960412,gold,"DISPONENT",970603
153,930919,classic,"OWNER",970907
154,940621,gold,"OWNER",980512
155,951107,classic,"OWNER",970907
156,971022,classic,"OWNER",940619
157,970328,classic,"OWNER",970219
158,950315,classic,"OWNER",970923
158,950315,junior,"DISPONENT",980402
159,970211,classic,"OWNER",980608
160,930904,gold,"OWNER",980921
161,940704,classic,"OWNER",970113
162,930825,classic,"OWNER",970203
162,930825,classic,"DISPONENT",981222
163,930127,junior,"OWNER",961021
164,960913,junior,"OWNER",980318
165,930601,classic,"OWNER",970207
165,930601,gold,"DISPONENT",971209
166,960820,classic,"OWNER",981208
167,960226,classic,"OWNER",960204
168,930427,classic,"OWNER",980916
168,930427,junior,"DISPONENT",960530
169,950928,classic,"OWNER",981116
170,960702,classic,"OWNER",970922
171,960608,classic,"OWNER",980525
172,930830,gold,"OWNER",950208
172,930830,classic,"DISPONENT",980731
173,931126,classic,"OWNER",970216
173,931126,classic,"DISPONENT",970610
174,960904,classic,"OWNER",980524
176,960812,classic,"OWNER",980302
177,970926,junior,"OWNER",960424
178,970906,classic,"OWNER",981109
179,970922,classic,"OWNER",980518
180,931214,classic,"OWNER",981204
181,960611,classic,"OWNER",980810
182,960824,classic,"OWNER",970619
183,931212,classic,"OWNER",950418
185,970704,classic,"OWNER",980303
186,930729,classic,"OWNER",970418
187,930328,classic,"OWNER",960810
188,930420,junior,"OWNER",980315
189,970416,classic,"OWNER",960405
190,950302,gold,"OWNER",981025
191,970317,junior,"OWNER",980929
192,930108,classic,"OWNER",970501
193,961222,classic,"OWNER",980707
193,961222,classic,"DISPONENT",970929
194,960801,classic,"OWNER",980502
195,970227,junior,"OWNER",980129
195,970227,classic,"DISPONENT",971125
196,931114,gold,"OWNER",970817
197,930225,gold,"OWNER",980824
198,931025,classic,"OWNER",981223
199,961026,classic,"OWNER",970620
200,940703,classic,"OWNER",980924
201,941102,classic,"OWNER",961213
204,960113,classic,"OWNER",980208
205,971008,junior,"OWNER",971008
206,950408,classic,"OWNER",980301
206,950408,classic,"DISPONENT",980206
207,930725,classic,"OWNER",980630
208,960327,classic,"OWNER",971023
209,961124,classic,"OWNER",970902
210,960317,gold,"OWNER",981114
211,970719,classic,"OWNER",971111
212,930120,gold,"OWNER",981001
213,950829,classic,"OWNER",970526
214,970309,classic,"OWNER",981120
214,970309,classic,"DISPONENT",970126
215,971125,classic,"OWNER",970905
215,971125,classic,"DISPONENT",980705
216,940516,gold,"OWNER",951109
217,950120,junior,"OWNER",950824
218,960206,gold,"OWNER",980417
219,950906,classic,"OWNER",981007
220,930409,classic,"OWNER",960628
221,961030,classic,"OWNER",970304
222,930315,junior,"OWNER",960309
223,950613,gold,"OWNER",971211
224,961027,gold,"OWNER",980322
225,930728,junior,"OWNER",970617
226,970223,junior,"OWNER",961028
227,950328,classic,"OWNER",971107
228,930928,classic,"OWNER",980121
229,970607,classic,"OWNER",970520
230,960226,classic,"OWNER",980307
230,960226,gold,"DISPONENT",980712
231,950403,classic,"OWNER",960815
231,950403,classic,"DISPONENT",970921
232,971129,classic,"OWNER",970622
234,930715,gold,"OWNER",971213
234,930715,classic,"DISPONENT",980225
235,931006,classic,"OWNER",980507
236,960316,gold,"OWNER",980910
236,960316,gold,"DISPONENT",960421
237,940325,junior,"OWNER",970628
238,930815,classic,"OWNER",981010
239,930301,junior,"OWNER",960408
240,970428,classic,"OWNER",980324
240,970428,classic,"DISPONENT",980929
241,960929,gold,"OWNER",970118
242,960829,classic,"OWNER",970217
243,931106,classic,"OWNER",961204
244,930208,classic,"OWNER",981026
245,931125,gold,"OWNER",951113
246,971220,classic,"OWNER",970615
246,971220,classic,"DISPONENT",970117
248,950402,classic,"OWNER",961120
249,961203,classic,"OWNER",980707
250,970510,classic,"OWNER",960331
251,960406,classic,"OWNER",960801
252,961226,classic,"OWNER",980106
253,951205,classic,"OWNER",970523
255,961103,classic,"OWNER",980730
256,950514,classic,"OWNER",940919
257,951105,junior,"OWNER",981223
258,970709,classic,"OWNER",970701
259,931028,classic,"OWNER",960608
260,951014,classic,"OWNER",960617
260,951014,junior,"DISPONENT",950127
261,961007,junior,"OWNER",980324
262,960127,classic,"OWNER",970617
263,970103,classic,"OWNER",980610
265,960705,junior,"OWNER",980802
265,960705,classic,"DISPONENT",960711
266,940511,gold,"OWNER",980816
267,950426,classic,"OWNER",981228
267,950426,junior,"DISPONENT",980724
268,960529,classic,"OWNER",970219
269,960830,classic,"OWNER",970112
270,950123,classic,"OWNER",971214
270,950123,classic,"DISPONENT",971003
271,960813,junior,"OWNER",980912
272,961023,gold,"OWNER",971119
273,930711,classic,"OWNER",980411
274,930820,gold,"OWNER",980501
275,960102,classic,"OWNER",980619
276,971208,classic,"OWNER",981104
277,940501,classic,"OWNER",980313
278,960408,classic,"OWNER",980925
279,930414,junior,"OWNER",981009
279,930414,classic,"DISPONENT",960101
280,930123,classic,"OWNER",980416
281,961027,classic,"OWNER",981019
281,961027,classic,"DISPONENT",980125
282,970512,gold,"OWNER",981206
282,970512,classic,"DISPONENT",950927
283,960418,classic,"OWNER",970921
284,970718,classic,"OWNER",980727
285,950508,classic,"OWNER",981107
285,950508,classic,"DISPONENT",980814
286,960327,classic,"OWNER",970211
286,960327,classic,"DISPONENT",980202
287,931027,classic,"OWNER",970526
288,950318,classic,"OWNER",970420
289,940317,classic,"OWNER",981101
290,931202,classic,"OWNER",980911
291,970608,classic,"OWNER",970611
292,970226,gold,"OWNER",980630
292,970226,classic,"DISPONENT",970828
293,970504,classic,"OWNER",970913
293,970504,junior,"DISPONENT",980929
294,970105,junior,"OWNER",980523
295,971123,classic,"OWNER",971029
296,960214,classic,"OWNER",980224
297,960908,classic,"OWNER",980923
298,971202,gold,"OWNER",980621
298,971202,junior,"DISPONENT",961211
299,930405,classic,"OWNER",960229
300,930623,classic,"OWNER",980623
300,930623,classic,"DISPONENT",981009
301,950910,classic,"OWNER",980827
301,950910,classic,"DISPONENT",980110
302,960509,classic,"OWNER",941108
303,960725,classic,"OWNER",980403
304,970320,gold,"OWNER",981213
305,961018,classic,"OWNER",960331
306,930608,classic,"OWNER",971118
307,970807,classic,"OWNER",961108
308,951016,junior,"OWNER",970517
309,970425,classic,"OWNER",941110
311,970808,classic,"OWNER",981211
311,970808,classic,"DISPONENT",960112
312,960103,classic,"OWNER",971215
313,960706,classic,"OWNER",961027
313,960706,gold,"DISPONENT",971122
314,960126,classic,"OWNER",970730
314,960126,junior,"DISPONENT",940915
315,971208,classic,"OWNER",981012
316,970508,classic,"OWNER",980814
317,930310,classic,"OWNER",970418
318,940916,junior,"OWNER",981126
319,951017,gold,"OWNER",980919
320,970123,classic,"OWNER",961014
321,931111,classic,"OWNER",980224
322,930220,classic,"OWNER",981122
322,930220,junior,"DISPONENT",951203
323,970223,classic,"OWNER",981005
323,970223,classic,"DISPONENT",980824
324,960823,classic,"OWNER",980726
325,961006,classic,"OWNER",950624
326,970806,classic,"OWNER",980214
327,930602,classic,"OWNER",970522
328,970918,classic,"OWNER",970406
328,970918,classic,"DISPONENT",980119
329,961019,classic,"OWNER",980903
330,961124,junior,"OWNER",970712
330,961124,junior,"DISPONENT",981112
331,951002,classic,"OWNER",980831
332,960112,classic,"OWNER",980816
333,961223,classic,"OWNER",960711
334,930524,classic,"OWNER",961210
335,960120,classic,"OWNER",981116
336,951016,classic,"OWNER",950720
337,951125,classic,"OWNER",980715
337,951125,classic,"DISPONENT",980509
338,951118,junior,"OWNER",970720
339,960911,classic,"OWNER",980926
339,960911,classic,"DISPONENT",980525
340,931103,classic,"OWNER",981001
340,931103,classic,"DISPONENT",980330
341,961119,classic,"OWNER",950414
342,961013,classic,"OWNER",980228
344,931201,classic,"OWNER",980427
345,931120,junior,"OWNER",950711
346,930111,classic,"OWNER",960219
347,931213,classic,"OWNER",981106
348,951115,junior,"OWNER",980904
349,970608,classic,"OWNER",970509
349,970608,gold,"DISPONENT",960125
350,961013,classic,"OWNER",971013
351,970217,classic,"OWNER",981105
352,940704,classic,"OWNER",970526
353,950830,gold,"OWNER",970912
355,960201,classic,"OWNER",961212
356,960312,classic,"OWNER",971230
357,960310,classic,"OWNER",980715
358,931209,classic,"OWNER",971009
359,941211,classic,"OWNER",940601
360,960514,classic,"OWNER",971030
361,930227,classic,"OWNER",980723
362,930404,classic,"OWNER",980707
363,940506,classic,"OWNER",961105
364,970120,classic,"OWNER",981226
364,970120,classic,"DISPONENT",970629
365,931212,gold,"OWNER",980403
366,961023,gold,"OWNER",981119
366,961023,classic,"DISPONENT",980604
367,970509,classic,"OWNER",981007
368,930706,classic,"OWNER",980429
370,940218,classic,"OWNER",980707
371,960802,junior,"OWNER",980416
372,950910,classic,"OWNER",981219
373,960620,gold,"OWNER",980712
374,930109,classic,"OWNER",970801
375,960607,classic,"OWNER",981113
376,950305,classic,"OWNER",980516
377,940819,junior,"OWNER",980516
378,960722,gold,"OWNER",980514
379,960518,gold,"OWNER",980211
381,930704,gold,"OWNER",980821
382,960816,classic,"OWNER",951230
383,970515,classic,"OWNER",980226
384,970914,classic,"OWNER",950221
385,930407,classic,"OWNER",980515
386,970811,classic,"OWNER",981125
386,970811,classic,"DISPONENT",950605
387,970919,classic,"OWNER",950130
388,950211,classic,"OWNER",980607
389,930828,classic,"OWNER",960902
390,960216,classic,"OWNER",970609
391,931211,classic,"OWNER",971124
392,960714,classic,"OWNER",981222
393,950204,junior,"OWNER",980124
395,930312,classic,"OWNER",970706
395,930312,junior,"DISPONENT",950116
396,930308,classic,"OWNER",941009
397,931026,classic,"OWNER",981216
397,931026,classic,"DISPONENT",980901
398,971024,junior,"OWNER",980106
398,971024,junior,"DISPONENT",980113
399,960827,classic,"OWNER",941124
400,930717,classic,"OWNER",950704
401,930118,classic,"OWNER",980708
402,970914,gold,"OWNER",981225
403,930729,classic,"OWNER",981118
403,930729,gold,"DISPONENT",981020
404,950428,classic,"OWNER",981129
405,970313,gold,"OWNER",970207
406,960903,classic,"OWNER",970821
407,970418,classic,"OWNER",980409
408,930721,classic,"OWNER",971130
409,960611,classic,"OWNER",970610
410,961015,classic,"OWNER",970902
411,930205,junior,"OWNER",980721
412,960121,classic,"OWNER",950303
412,960121,classic,"DISPONENT",980418
413,960709,classic,"OWNER",960403
414,960129,classic,"OWNER",981126
415,930303,classic,"OWNER",950709
416,960811,classic,"OWNER",970822
417,960127,classic,"OWNER",950308
418,950827,junior,"OWNER",951106
419,931025,junior,"OWNER",981009
420,950826,gold,"OWNER",981219
421,971127,classic,"OWNER",971211
422,940829,classic,"OWNER",980803
423,930328,gold,"OWNER",980730
424,970217,classic,"OWNER",980413
425,930319,junior,"OWNER",970806
426,931129,classic,"OWNER",970724
427,940724,classic,"OWNER",970315
427,940724,classic,"DISPONENT",960910
428,930227,classic,"OWNER",980323
428,930227,classic,"DISPONENT",961025
429,950903,classic,"OWNER",980109
430,950902,gold,"OWNER",980210
431,961105,classic,"OWNER",980816
432,930616,classic,"OWNER",980925
433,930612,classic,"OWNER",971217
435,930108,junior,"OWNER",981123
436,960807,classic,"OWNER",981102
436,960807,classic,"DISPONENT",980727
437,931203,classic,"OWNER",980910
437,931203,junior,"DISPONENT",981214
438,970623,classic,"OWNER",961031
439,960415,classic,"OWNER",980227
440,961222,classic,"OWNER",980725
441,931217,gold,"OWNER",980824
441,931217,classic,"DISPONENT",971130
442,970330,classic,"OWNER",981009
443,930128,classic,"OWNER",970129
444,960509,classic,"OWNER",980322
445,930729,classic,"OWNER",971213
446,930615,classic,"OWNER",970915
447,960814,gold,"OWNER",980820
449,941122,classic,"OWNER",971129
449,941122,junior,"DISPONENT",961126
450,960528,classic,"OWNER",981022
452,951129,gold,"OWNER",980910
453,970424,classic,"OWNER",950530
454,950507,gold,"OWNER",970819
455,950423,classic,"OWNER",961011
456,930121,classic,"OWNER",980716
458,950616,classic,"OWNER",980808
459,930121,classic,"OWNER",980903
460,940418,classic,"OWNER",971025
460,940418,classic,"DISPONENT",970714
461,930218,classic,"OWNER",980929
461,930218,classic,"DISPONENT",971119
463,950508,classic,"OWNER",980117
464,970528,classic,"OWNER",980607
465,930204,classic,"OWNER",950617
466,960218,classic,"OWNER",981217
467,930924,gold,"OWNER",980928
468,960319,classic,"OWNER",961107
469,970714,classic,"OWNER",941021
469,970714,classic,"DISPONENT",970506
470,940323,gold,"OWNER",970106
471,950607,classic,"OWNER",971225
471,950607,classic,"DISPONENT",980708
472,961011,classic,"OWNER",970305
473,961020,classic,"OWNER",971212
474,951206,classic,"OWNER",981114
475,970511,junior,"OWNER",980713
475,970511,junior,"DISPONENT",970516
476,970411,classic,"OWNER",981223
477,930125,junior,"OWNER",980223
478,940716,gold,"OWNER",971225
478,940716,classic,"DISPONENT",970430
479,951105,classic,"OWNER",940215
480,970121,junior,"OWNER",970221
481,960423,classic,"OWNER",971118
483,970715,classic,"OWNER",980813
484,950120,classic,"OWNER",970122
485,930104,classic,"OWNER",970424
486,951121,classic,"OWNER",981028
487,951114,gold,"OWNER",981001
487,951114,classic,"DISPONENT",980531
488,960620,junior,"OWNER",960805
489,930517,classic,"OWNER",970708
490,950523,junior,"OWNER",971220
491,960512,classic,"OWNER",971202
492,931010,classic,"OWNER",970723
493,940405,junior,"OWNER",950807
494,930311,junior,"OWNER",980106
496,930226,classic,"OWNER",971019
497,930415,junior,"OWNER",970606
498,931121,classic,"OWNER",970823
498,931121,gold,"DISPONENT",980308
500,960427,classic,"OWNER",961008
500,960427,junior,"DISPONENT",980418
501,951021,classic,"OWNER",980720
502,971013,classic,"OWNER",981104
503,960808,classic,"OWNER",981211
504,930421,classic,"OWNER",960122
505,961216,classic,"OWNER",970517
506,960708,classic,"OWNER",971217
507,960617,classic,"OWNER",961229
508,961119,classic,"OWNER",970829
509,970814,classic,"OWNER",971113
509,970814,classic,"DISPONENT",970922
510,930602,classic,"OWNER",980723
511,961110,junior,"OWNER",981016
513,961121,classic,"OWNER",970505
514,960330,gold,"OWNER",970409
515,950209,classic,"OWNER",980731
516,960208,classic,"OWNER",980401
516,960208,classic,"DISPONENT",980917
517,930922,junior,"OWNER",960319
518,940909,junior,"OWNER",970922
519,931112,classic,"OWNER",980725
519,931112,junior,"DISPONENT",980213
520,931104,classic,"OWNER",970717
521,951008,classic,"OWNER",981130
522,951220,classic,"OWNER",980705
522,951220,classic,"DISPONENT",970811
523,930811,junior,"OWNER",980925
524,940503,classic,"OWNER",980918
525,960320,junior,"OWNER",980609
526,960716,classic,"OWNER",981119
526,960716,classic,"DISPONENT",971012
528,961230,classic,"OWNER",981229
528,961230,junior,"DISPONENT",981109
529,970818,junior,"OWNER",970806
530,961119,gold,"OWNER",971014
531,950818,classic,"OWNER",980523
532,950902,classic,"OWNER",980714
533,950507,classic,"OWNER",960618
533,950507,classic,"DISPONENT",961213
534,970526,classic,"OWNER",980304
535,940524,classic,"OWNER",980605
536,961013,classic,"OWNER",980517
537,970108,classic,"OWNER",980617
537,970108,junior,"DISPONENT",970321
538,940607,classic,"OWNER",971118
539,930216,classic,"OWNER",980529
540,931016,junior,"OWNER",960802
541,930812,classic,"OWNER",950616
542,931101,classic,"OWNER",980916
543,940503,classic,"OWNER",981221
544,950515,classic,"OWNER",980213
545,931124,classic,"OWNER",971008
546,961123,junior,"OWNER",981202
546,961123,classic,"DISPONENT",941225
547,970727,classic,"OWNER",980108
548,940607,junior,"OWNER",970819
548,940607,classic,"DISPONENT",950703
549,961127,classic,"OWNER",950509
550,971017,classic,"OWNER",970806
551,930507,classic,"OWNER",971022
552,930820,classic,"OWNER",970324
553,950606,junior,"OWNER",951225
554,960126,classic,"OWNER",970131
555,930515,classic,"OWNER",970114
556,970626,classic,"OWNER",980619
557,951126,classic,"OWNER",960808
558,960615,classic,"OWNER",970917
559,930305,classic,"OWNER",980307
560,950820,junior,"OWNER",960831
561,961212,classic,"OWNER",981228
562,930225,classic,"OWNER",970623
563,930727,classic,"OWNER",980930
564,971223,junior,"OWNER",981201
565,951125,gold,"OWNER",970120
566,971113,classic,"OWNER",970306
566,971113,classic,"DISPONENT",980429
567,960619,classic,"OWNER",970122
568,950328,classic,"OWNER",981011
569,961001,classic,"OWNER",980805
570,961114,classic,"OWNER",980811
571,960716,classic,"OWNER",981229
572,940327,classic,"DISPONENT",980714
573,960711,classic,"OWNER",970801
574,930730,classic,"OWNER",980115
575,940426,classic,"OWNER",961107
575,940426,classic,"DISPONENT",981216
576,930101,classic,"OWNER",981208
576,930101,junior,"DISPONENT",981103
577,940920,classic,"OWNER",970724
578,970321,classic,"OWNER",951215
578,970321,classic,"DISPONENT",980705
579,971216,classic,"OWNER",961211
580,960520,gold,"OWNER",971007
581,961013,classic,"OWNER",950926
582,940805,junior,"OWNER",980522
584,960714,classic,"OWNER",980830
585,970904,classic,"OWNER",970917
586,950316,gold,"OWNER",981121
587,960621,classic,"OWNER",950712
588,930314,gold,"OWNER",970116
589,970426,classic,"OWNER",971121
590,960224,junior,"OWNER",960924
591,970812,junior,"OWNER",970411
592,961227,junior,"OWNER",961210
593,960716,classic,"OWNER",980819
595,961221,classic,"OWNER",950930
596,941013,classic,"OWNER",970109
597,931205,junior,"OWNER",981208
598,970208,junior,"OWNER",980611
599,961204,classic,"OWNER",980519
599,961204,classic,"DISPONENT",970812
600,970313,classic,"OWNER",950624
601,930804,junior,"OWNER",980209
602,951027,junior,"OWNER",940405
603,960611,classic,"OWNER",961114
604,931126,classic,"OWNER",971215
605,970204,gold,"OWNER",980127
606,971104,junior,"OWNER",960330
607,950217,classic,"OWNER",980226
608,950327,classic,"OWNER",980719
608,950327,classic,"DISPONENT",981224
609,940515,junior,"OWNER",970122
609,940515,classic,"DISPONENT",970502
610,940811,classic,"OWNER",960623
610,940811,classic,"DISPONENT",940721
611,970721,junior,"OWNER",970630
611,970721,classic,"DISPONENT",980501
612,960527,classic,"OWNER",981219
612,960527,classic,"DISPONENT",960803
613,960810,classic,"OWNER",950413
614,970607,junior,"OWNER",980702
615,960409,classic,"OWNER",971203
616,931014,junior,"OWNER",980728
617,960823,classic,"OWNER",960911
618,961002,classic,"OWNER",981110
619,950909,gold,"OWNER",981018
620,960218,classic,"OWNER",981002
621,960601,classic,"DISPONENT",981104
622,970622,classic,"OWNER",940205
623,930324,classic,"OWNER",970616
623,930324,classic,"DISPONENT",981019
624,931011,classic,"OWNER",981024
625,950712,junior,"OWNER",981015
626,931111,junior,"OWNER",980906
626,931111,classic,"DISPONENT",981225
627,930205,junior,"OWNER",981010
628,940103,classic,"OWNER",980416
629,940725,classic,"OWNER",980518
630,930629,junior,"OWNER",980522
631,960325,classic,"OWNER",980921
632,960514,junior,"OWNER",950418
633,951206,classic,"OWNER",980119
635,940821,classic,"OWNER",971110
636,970424,junior,"OWNER",941230
637,960827,classic,"OWNER",960529
638,950628,classic,"OWNER",980929
639,971103,classic,"OWNER",950211
639,971103,classic,"DISPONENT",970914
640,930602,classic,"OWNER",980706
641,970622,classic,"OWNER",981020
643,971028,classic,"OWNER",961030
644,971106,classic,"OWNER",981118
645,970821,classic,"OWNER",971225
646,960106,gold,"OWNER",980411
647,970428,classic,"OWNER",961019
648,931109,classic,"OWNER",950102
649,940517,junior,"OWNER",950521
650,950128,classic,"OWNER",980729
651,931128,classic,"OWNER",970707
652,930105,classic,"OWNER",980929
653,970819,junior,"OWNER",951024
653,970819,classic,"DISPONENT",980324
654,941016,classic,"OWNER",980616
655,930324,classic,"OWNER",961231
660,960120,classic,"OWNER",970512
664,961208,classic,"OWNER",980220
669,960607,classic,"OWNER",980119
677,970913,junior,"OWNER",961028
678,931008,classic,"OWNER",960215
683,960722,gold,"OWNER",981206
683,960722,classic,"DISPONENT",981110
686,930404,classic,"OWNER",980605
687,960602,classic,"OWNER",980429
691,960221,classic,"OWNER",981222
693,940606,classic,"OWNER",980629
695,960421,classic,"OWNER",980801
696,971109,classic,"OWNER",980821
701,930608,classic,"OWNER",970306
704,930101,junior,"OWNER",980304
706,960507,classic,"OWNER",970520
709,940725,classic,"OWNER",970116
712,961201,classic,"OWNER",961007
713,961015,classic,"OWNER",981024
715,960808,junior,"OWNER",981025
720,950720,classic,"OWNER",980612
729,970215,gold,"OWNER",971007
733,950517,classic,"OWNER",980917
735,970917,classic,"OWNER",960911
736,971207,gold,"DISPONENT",970731
738,930621,classic,"OWNER",981215
742,940128,classic,"OWNER",960908
743,931105,classic,"OWNER",971223
748,930408,classic,"OWNER",970918
748,930408,classic,"DISPONENT",980118
754,950608,classic,"OWNER",980122
756,950113,gold,"OWNER",980518
768,970703,classic,"OWNER",980427
771,960122,classic,"DISPONENT",980924
772,930121,classic,"OWNER",981224
781,950219,junior,"OWNER",980421
782,971030,classic,"DISPONENT",970802
785,970809,junior,"OWNER",970529
788,960625,classic,"OWNER",971202
789,950206,junior,"DISPONENT",960509
790,930511,junior,"OWNER",980228
793,930103,classic,"DISPONENT",980816
798,960422,classic,"OWNER",980930
799,931010,junior,"OWNER",981016
806,961029,classic,"OWNER",980402
814,961006,classic,"OWNER",960508
822,961004,classic,"DISPONENT",960221
824,960321,junior,"OWNER",980701
831,960918,classic,"OWNER",981120
832,960524,classic,"OWNER",980709
833,960829,classic,"OWNER",980809
836,960728,gold,"DISPONENT",980925
838,931023,gold,"OWNER",970614
838,931023,classic,"DISPONENT",961027
841,931104,classic,"OWNER",961102
842,950407,classic,"DISPONENT",971028
848,960616,classic,"OWNER",971213
849,960101,classic,"OWNER",980830
850,970307,classic,"OWNER",980920
851,940923,classic,"OWNER",970908
859,970826,classic,"OWNER",981011
859,970826,classic,"DISPONENT",970117
861,930913,junior,"OWNER",950330
862,930202,classic,"OWNER",950107
863,930516,junior,"OWNER",950528
865,960318,junior,"DISPONENT",960814
876,971026,classic,"OWNER",960724
877,960529,classic,"OWNER",971106
880,961208,classic,"OWNER",970729
883,931217,classic,"OWNER",960217
888,961028,junior,"DISPONENT",981108
893,950412,gold,"OWNER",980727
898,960327,classic,"OWNER",981225
902,930629,classic,"DISPONENT",961006
908,940429,classic,"OWNER",970120
909,970902,gold,"DISPONENT",970728
911,960812,classic,"OWNER",980901
913,960510,junior,"OWNER",960410
915,950118,classic,"OWNER",980425
916,960813,classic,"OWNER",951104
917,951013,classic,"OWNER",971213
922,950427,classic,"OWNER",961231
926,961101,junior,"OWNER",971003
928,930426,classic,"DISPONENT",970102
940,941115,classic,"DISPONENT",960531
943,930203,gold,"OWNER",981201
944,930308,classic,"OWNER",970629
944,930308,junior,"DISPONENT",960326
954,960108,classic,"OWNER",980825
958,960606,classic,"OWNER",980905
958,960606,classic,"DISPONENT",980801
966,971014,classic,"OWNER",960812
967,960817,classic,"OWNER",981108
968,951111,classic,"DISPONENT",980718
970,970720,classic,"OWNER",981130
973,941105,classic,"DISPONENT",970508
975,961019,classic,"OWNER",981124
975,961019,gold,"DISPONENT",960703
976,960127,gold,"OWNER",981206
977,930426,classic,"OWNER",970619
985,940529,gold,"OWNER",960717
985,940529,classic,"DISPONENT",980919
986,960502,classic,"OWNER",980317
988,941022,classic,"OWNER",980702
989,940314,classic,"OWNER",981001
990,951011,junior,"OWNER",980430
991,930518,gold,"OWNER",980904
992,951001,classic,"OWNER",970627
995,950823,classic,"OWNER",980309
1012,940709,classic,"OWNER",980526
1013,960513,junior,"OWNER",980809
1016,930929,classic,"OWNER",970808
1019,930121,junior,"OWNER",950502
1021,961117,classic,"OWNER",951122
1027,970718,classic,"OWNER",960706
1028,960319,classic,"OWNER",971128
1032,930426,junior,"OWNER",980202
1039,930510,classic,"DISPONENT",950613
